Date,ticker,MACD,signal,Close,Upward,Day
2020-07-06,AAIT,-8.124771806927722e-05,0.0009145177377161626,0.0689999982714653,1,1 Days Ago
2020-07-06,ABCO,-0.0008127013097394276,0.0034202747523599105,0.7099999785423279,1,1 Days Ago
2020-07-06,ABIO,-0.0036310344933871974,0.18066979851449333,6.429999828338623,1,1 Days Ago
2020-07-06,ACUR,-0.0003747905153270725,0.001318714357581956,0.2800000011920929,1,1 Days Ago
2020-07-06,ADMA,-0.0076564764509687855,0.009795544909351181,2.819999933242798,1,1 Days Ago
2020-07-06,BDGE,-0.07789209432014133,0.20438715385537662,20.040000915527344,1,1 Days Ago
2020-07-06,BOKF,-0.017142291219741423,0.9510690878334385,53.77000045776367,1,1 Days Ago
2020-07-06,BSPM,-0.0002520255904746166,0.0011515138456023905,0.07000000029802322,1,1 Days Ago
2020-07-06,CBRL,-0.07961254124833772,1.3257606943599822,107.36000061035156,1,1 Days Ago
2020-07-06,DRRX,-0.013112830767949113,0.018929497187905184,2.130000114440918,1,1 Days Ago
2020-07-06,DWSN,-0.0026637989733244716,0.017324774743112465,1.440000057220459,1,1 Days Ago
2020-07-06,ECTE,-7.002302807020827e-05,0.0001417661611519222,0.007430000230669975,1,1 Days Ago
2020-07-06,ENT,-0.05037016393832605,0.3060090380424787,4.03000020980835,1,1 Days Ago
2020-07-06,ESMC,-0.0017579587592481682,-0.0014825025376039083,0.11999999731779099,1,1 Days Ago
2020-07-06,FSFG,-0.02249827955510142,0.4008089853538271,42.279998779296875,1,1 Days Ago
2020-07-06,HNNA,-0.0008026677518344627,0.036941432074031805,7.949999809265137,1,1 Days Ago
2020-07-06,LORL,-0.03412502674303042,-0.01279322209562957,19.020000457763672,1,1 Days Ago
2020-07-06,MITK,-0.011185950759067254,0.06168351053962372,9.319999694824219,1,1 Days Ago
2020-07-06,NRIM,-0.012734608624764832,-0.0033270622497423605,23.5,1,1 Days Ago
2020-07-06,OMCL,-0.02751331959403558,0.1769080379241186,66.76000213623047,1,1 Days Ago
2020-07-06,PME,-0.0009424564885656128,0.014712202680674018,1.100000023841858,1,1 Days Ago
2020-07-06,PSEC,-0.018491020164349337,0.06364325328955125,4.760000228881836,1,1 Days Ago
2020-07-06,RP,-0.03914680606254706,0.27356796049784743,65.11000061035156,1,1 Days Ago
2020-07-06,SHIP,-0.03735236055630198,0.143884331849171,2.119999885559082,1,1 Days Ago
2020-07-06,TATT,-0.030126408129708793,0.010426041581390138,3.4000000953674316,1,1 Days Ago
2020-07-06,THST,-0.001080838788990457,0.0013944161171681,0.75,1,1 Days Ago
2020-07-06,TLOG,-0.0002837699813267973,0.00041578489693220075,0.019999999552965164,1,1 Days Ago
2020-07-06,TSC,-0.03990349768156953,0.1419987880570893,14.5,1,1 Days Ago
2020-07-06,VBFC,-0.06698995055244339,0.36119705651073303,29.360000610351562,1,1 Days Ago
2020-07-06,WLFC,-0.03824935740264479,0.5136438301335615,21.700000762939453,1,1 Days Ago
2020-07-06,ZN,-0.0023440362346137666,0.0057805977347227715,0.27000001072883606,1,1 Days Ago
2020-07-06,AAIT,-8.124771806927722e-05,0.0009145177377161626,0.0689999982714653,1,2 Days Ago
2020-07-06,ABCO,-0.0008127013097394276,0.0034202747523599105,0.7099999785423279,1,2 Days Ago
2020-07-06,ABIO,-0.0036310344933871974,0.18066979851449333,6.429999828338623,1,2 Days Ago
2020-07-06,ACIW,-0.0570187740047885,0.0581903460452709,26.350000381469727,1,2 Days Ago
2020-07-06,ACUR,-0.0003747905153270725,0.001318714357581956,0.2800000011920929,1,2 Days Ago
2020-07-06,ADMA,-0.0076564764509687855,0.009795544909351181,2.819999933242798,1,2 Days Ago
2020-07-06,ALDX,-0.030048687099383464,0.05596406580199775,4.0,1,2 Days Ago
2020-07-06,ATRO,-0.03357635879084597,0.0801590017497247,10.369999885559082,1,2 Days Ago
2020-07-06,AXAS,-0.004905138462835357,0.005893233208926264,0.2199999988079071,1,2 Days Ago
2020-07-06,BBGI,-0.03289757942082794,0.057761267928395386,2.180000066757202,1,2 Days Ago
2020-07-06,BDGE,-0.07789209432014133,0.20438715385537662,20.040000915527344,1,2 Days Ago
2020-07-06,BOKF,-0.017142291219741423,0.9510690878334385,53.77000045776367,1,2 Days Ago
2020-07-06,CBAN,-0.06513659103870317,0.04008457835968859,11.34000015258789,1,2 Days Ago
2020-07-06,CBRL,-0.07961254124833772,1.3257606943599822,107.36000061035156,1,2 Days Ago
2020-07-06,DRRX,-0.013112830767949113,0.018929497187905184,2.130000114440918,1,2 Days Ago
2020-07-06,DWSN,-0.0026637989733244716,0.017324774743112465,1.440000057220459,1,2 Days Ago
2020-07-06,EBTC,-0.05716220892186996,-0.03304952484666912,22.299999237060547,1,2 Days Ago
2020-07-06,ECTE,-7.002302807020827e-05,0.0001417661611519222,0.007430000230669975,1,2 Days Ago
2020-07-06,EFSC,-0.09510319680382295,0.19185986190706983,29.68000030517578,1,2 Days Ago
2020-07-06,ENT,-0.05037016393832605,0.3060090380424787,4.03000020980835,1,2 Days Ago
2020-07-06,FALC,-0.09534956704521136,0.0391181968008409,3.799999952316284,1,2 Days Ago
2020-07-06,FDEF,-0.04520576163876555,0.1469873000898511,16.809999465942383,1,2 Days Ago
2020-07-06,FEYE,-0.013884631814370607,0.05992133275637071,12.255000114440918,1,2 Days Ago
2020-07-06,FLEX,-0.020355428792530716,0.0749070027281403,10.199999809265137,1,2 Days Ago
2020-07-06,FSFG,-0.02249827955510142,0.4008089853538271,42.279998779296875,1,2 Days Ago
2020-07-06,HCCI,-0.038553394457466084,0.00968553039603432,17.0,1,2 Days Ago
2020-07-06,HFBL,-0.028853670121687713,0.07229406889068252,24.809999465942383,1,2 Days Ago
2020-07-06,HMHC,-0.01844010831144649,0.03250045176188667,1.7100000381469727,1,2 Days Ago
2020-07-06,HNNA,-0.0008026677518344627,0.036941432074031805,7.949999809265137,1,2 Days Ago
2020-07-06,IBCP,-0.0691019116814715,0.04277631452614957,13.859999656677246,1,2 Days Ago
2020-07-06,IMKTA,-0.01640949371575573,-0.039332827548261985,41.560001373291016,1,2 Days Ago
2020-07-06,IVAC,-0.013525532137707685,0.041102465082151436,5.340000152587891,1,2 Days Ago
2020-07-06,JBLU,-0.024045089633283112,0.14798977142967545,11.010000228881836,1,2 Days Ago
2020-07-06,LAMR,-0.23348343735975163,0.7627658962083106,65.5199966430664,1,2 Days Ago
2020-07-06,LARK,-0.08530833725363962,0.20097802926078007,24.0,1,2 Days Ago
2020-07-06,MITK,-0.011185950759067254,0.06168351053962372,9.319999694824219,1,2 Days Ago
2020-07-06,MLHR,-0.20178255471430973,0.1692540403211874,22.510000228881836,1,2 Days Ago
2020-07-06,NRIM,-0.012734608624764832,-0.0033270622497423605,23.5,1,2 Days Ago
2020-07-06,NTGR,-0.05302442996825363,0.04055256138885067,24.610000610351562,1,2 Days Ago
2020-07-06,NTIC,-0.05823600550673369,0.08361876814544027,7.309999942779541,1,2 Days Ago
2020-07-06,NWLI,-0.5422051917534532,1.3503503355567616,194.83999633789062,1,2 Days Ago
2020-07-06,OMCL,-0.02751331959403558,0.1769080379241186,66.76000213623047,1,2 Days Ago
2020-07-06,PFIN,-0.013224901073115802,0.030520638825624627,4.900000095367432,1,2 Days Ago
2020-07-06,PME,-0.0009424564885656128,0.014712202680674018,1.100000023841858,1,2 Days Ago
2020-07-06,PNFP,-0.21660448467542182,0.2785153127117606,40.25,1,2 Days Ago
2020-07-06,PNNT,-0.019206518306357445,0.022178463749861575,3.25,1,2 Days Ago
2020-07-06,PSEC,-0.018491020164349337,0.06364325328955125,4.760000228881836,1,2 Days Ago
2020-07-06,RAIL,-0.011000878334895159,0.02791812733042314,1.3700000047683716,1,2 Days Ago
2020-07-06,RNWK,-0.0023569212570655473,0.01938139936361799,1.340000033378601,1,2 Days Ago
2020-07-06,RP,-0.03914680606254706,0.27356796049784743,65.11000061035156,1,2 Days Ago
2020-07-06,SFBS,-0.10044858988720051,0.1533332246320858,33.9900016784668,1,2 Days Ago
2020-07-06,SGRP,-0.0007191336788157088,0.007036661673809952,0.7799999713897705,1,2 Days Ago
2020-07-06,SHIP,-0.03735236055630198,0.143884331849171,2.119999885559082,1,2 Days Ago
2020-07-06,SHOO,-0.030625963633738706,0.008316913234382798,23.850000381469727,1,2 Days Ago
2020-07-06,SMED,-0.07000127113921462,0.04472875367041946,6.590000152587891,1,2 Days Ago
2020-07-06,TATT,-0.030126408129708793,0.010426041581390138,3.4000000953674316,1,2 Days Ago
2020-07-06,TCBI,-0.19279434908302662,0.401714720643522,29.459999084472656,1,2 Days Ago
2020-07-06,THST,-0.001080838788990457,0.0013944161171681,0.75,1,2 Days Ago
2020-07-06,TLOG,-0.0002837699813267973,0.00041578489693220075,0.019999999552965164,1,2 Days Ago
2020-07-06,TSC,-0.03990349768156953,0.1419987880570893,14.5,1,2 Days Ago
2020-07-06,TXRH,-0.08872874088702787,0.33028657862796923,51.689998626708984,1,2 Days Ago
2020-07-06,VBFC,-0.06698995055244339,0.36119705651073303,29.360000610351562,1,2 Days Ago
2020-07-06,VIDE,-0.0021119895904531116,0.0005418948652847527,1.059999942779541,1,2 Days Ago
2020-07-06,WHLRP,-0.018576647797599932,-0.008270409798097905,7.195000171661377,1,2 Days Ago
2020-07-06,WLFC,-0.03824935740264479,0.5136438301335615,21.700000762939453,1,2 Days Ago
2020-07-06,WTFC,-0.13522736287320924,0.5080258394531891,42.72999954223633,1,2 Days Ago
2020-07-06,ZION,-0.20543449040984285,0.30525256824102726,32.900001525878906,1,2 Days Ago
2020-07-06,ZN,-0.0023440362346137666,0.0057805977347227715,0.27000001072883606,1,2 Days Ago
2020-07-06,AAIT,-8.124771806927722e-05,0.0009145177377161626,0.0689999982714653,1,3 Days Ago
2020-07-06,AAL,-0.18776152622804076,0.2790380155590531,12.800000190734863,1,3 Days Ago
2020-07-06,ABCO,-0.0008127013097394276,0.0034202747523599105,0.7099999785423279,1,3 Days Ago
2020-07-06,ABIO,-0.0036310344933871974,0.18066979851449333,6.429999828338623,1,3 Days Ago
2020-07-06,ACUR,-0.0003747905153270725,0.001318714357581956,0.2800000011920929,1,3 Days Ago
2020-07-06,ADMA,-0.0076564764509687855,0.009795544909351181,2.819999933242798,1,3 Days Ago
2020-07-06,ALDX,-0.030048687099383464,0.05596406580199775,4.0,1,3 Days Ago
2020-07-06,AMOT,-0.036119856703514586,0.19822585517516336,34.38999938964844,1,3 Days Ago
2020-07-06,ARAY,-0.007224043618669462,0.016388471565906684,2.180000066757202,1,3 Days Ago
2020-07-06,ATRO,-0.03357635879084597,0.0801590017497247,10.369999885559082,1,3 Days Ago
2020-07-06,AXAS,-0.004905138462835357,0.005893233208926264,0.2199999988079071,1,3 Days Ago
2020-07-06,BBGI,-0.03289757942082794,0.057761267928395386,2.180000066757202,1,3 Days Ago
2020-07-06,BDGE,-0.07789209432014133,0.20438715385537662,20.040000915527344,1,3 Days Ago
2020-07-06,BIOL,-0.014344580574957744,0.0016842197715391891,0.38999998569488525,1,3 Days Ago
2020-07-06,BOKF,-0.017142291219741423,0.9510690878334385,53.77000045776367,1,3 Days Ago
2020-07-06,BSPM,-0.0002520255904746166,0.0011515138456023905,0.07000000029802322,1,3 Days Ago
2020-07-06,CBAN,-0.06513659103870317,0.04008457835968859,11.34000015258789,1,3 Days Ago
2020-07-06,CBRL,-0.07961254124833772,1.3257606943599822,107.36000061035156,1,3 Days Ago
2020-07-06,CCBG,-0.11917543719750157,-0.026377165554833406,19.559999465942383,1,3 Days Ago
2020-07-06,CHCO,-0.07003522789689498,-0.012031423747825303,63.310001373291016,1,3 Days Ago
2020-07-06,CHSCP,-0.09008025382446405,0.15683664808195824,28.209999084472656,1,3 Days Ago
2020-07-06,CMPR,-0.9515678037550828,0.08746010925088511,74.19999694824219,1,3 Days Ago
2020-07-06,DRRX,-0.013112830767949113,0.018929497187905184,2.130000114440918,1,3 Days Ago
2020-07-06,DWSN,-0.0026637989733244716,0.017324774743112465,1.440000057220459,1,3 Days Ago
2020-07-06,DXJS,-0.1138901476049412,0.08841880027722379,36.81999969482422,1,3 Days Ago
2020-07-06,EBTC,-0.05716220892186996,-0.03304952484666912,22.299999237060547,1,3 Days Ago
2020-07-06,ECTE,-7.002302807020827e-05,0.0001417661611519222,0.007430000230669975,1,3 Days Ago
2020-07-06,EDAP,-0.014326329007530614,0.021746846879371128,2.4700000286102295,1,3 Days Ago
2020-07-06,EFSC,-0.09510319680382295,0.19185986190706983,29.68000030517578,1,3 Days Ago
2020-07-06,ENT,-0.05037016393832605,0.3060090380424787,4.03000020980835,1,3 Days Ago
2020-07-06,ERII,-0.18143491763143693,0.018831123788395927,7.389999866485596,1,3 Days Ago
2020-07-06,EWBC,-0.26720128988363,0.16578510955371525,35.15999984741211,1,3 Days Ago
2020-07-06,FALC,-0.09534956704521136,0.0391181968008409,3.799999952316284,1,3 Days Ago
2020-07-06,FDEF,-0.04520576163876555,0.1469873000898511,16.809999465942383,1,3 Days Ago
2020-07-06,FLEX,-0.020355428792530716,0.0749070027281403,10.199999809265137,1,3 Days Ago
2020-07-06,FONR,-0.3080008682570359,0.1882591174327532,21.149999618530273,1,3 Days Ago
2020-07-06,FSFG,-0.02249827955510142,0.4008089853538271,42.279998779296875,1,3 Days Ago
2020-07-06,GLMD,-0.031658903627880264,0.018809064272766723,4.809999942779541,1,3 Days Ago
2020-07-06,HBAN,-0.1582783837571693,0.054846953136433015,8.770000457763672,1,3 Days Ago
2020-07-06,HCAP,-0.021056858982078097,-0.004769820260634545,4.070000171661377,1,3 Days Ago
2020-07-06,HCCI,-0.038553394457466084,0.00968553039603432,17.0,1,3 Days Ago
2020-07-06,HFBL,-0.028853670121687713,0.07229406889068252,24.809999465942383,1,3 Days Ago
2020-07-06,HMHC,-0.01844010831144649,0.03250045176188667,1.7100000381469727,1,3 Days Ago
2020-07-06,HMST,-0.04714006273080784,0.027908614962111594,23.610000610351562,1,3 Days Ago
2020-07-06,HNNA,-0.0008026677518344627,0.036941432074031805,7.949999809265137,1,3 Days Ago
2020-07-06,HRTX,-0.5556699383230175,0.17382814559015683,14.970000267028809,1,3 Days Ago
2020-07-06,HTLF,-0.0629612300248823,0.004518545216740127,31.760000228881836,1,3 Days Ago
2020-07-06,IBCP,-0.0691019116814715,0.04277631452614957,13.859999656677246,1,3 Days Ago
2020-07-06,IMKTA,-0.01640949371575573,-0.039332827548261985,41.560001373291016,1,3 Days Ago
2020-07-06,IVAC,-0.013525532137707685,0.041102465082151436,5.340000152587891,1,3 Days Ago
2020-07-06,JBLU,-0.024045089633283112,0.14798977142967545,11.010000228881836,1,3 Days Ago
2020-07-06,LAMR,-0.23348343735975163,0.7627658962083106,65.5199966430664,1,3 Days Ago
2020-07-06,LARK,-0.08530833725363962,0.20097802926078007,24.0,1,3 Days Ago
2020-07-06,LLEX,-0.03395371143325143,-0.0033395256175627994,0.04366999864578247,1,3 Days Ago
2020-07-06,MBSD,-0.0009099766664810716,0.005623271608682568,24.15999984741211,1,3 Days Ago
2020-07-06,MITK,-0.011185950759067254,0.06168351053962372,9.319999694824219,1,3 Days Ago
2020-07-06,MLHR,-0.20178255471430973,0.1692540403211874,22.510000228881836,1,3 Days Ago
2020-07-06,MMYT,-0.028858706919404398,0.168855604269733,16.649999618530273,1,3 Days Ago
2020-07-06,NFBK,-0.07574613516910134,-0.038139768162655796,10.619999885559082,1,3 Days Ago
2020-07-06,NRIM,-0.012734608624764832,-0.0033270622497423605,23.5,1,3 Days Ago
2020-07-06,NTGR,-0.05302442996825363,0.04055256138885067,24.610000610351562,1,3 Days Ago
2020-07-06,NTIC,-0.05823600550673369,0.08361876814544027,7.309999942779541,1,3 Days Ago
2020-07-06,NWLI,-0.5422051917534532,1.3503503355567616,194.83999633789062,1,3 Days Ago
2020-07-06,OCC,-0.019023578702036748,0.0091930140032624,2.509999990463257,1,3 Days Ago
2020-07-06,OMCL,-0.02751331959403558,0.1769080379241186,66.76000213623047,1,3 Days Ago
2020-07-06,PCOM,-0.038150040858717205,0.07827078787335404,9.210000038146973,1,3 Days Ago
2020-07-06,PERI,-0.033989499312232496,0.024068784837643836,5.360000133514404,1,3 Days Ago
2020-07-06,PFIN,-0.013224901073115802,0.030520638825624627,4.900000095367432,1,3 Days Ago
2020-07-06,PME,-0.0009424564885656128,0.014712202680674018,1.100000023841858,1,3 Days Ago
2020-07-06,PNFP,-0.21660448467542182,0.2785153127117606,40.25,1,3 Days Ago
2020-07-06,PNNT,-0.019206518306357445,0.022178463749861575,3.25,1,3 Days Ago
2020-07-06,PSCF,-0.08311902584604525,0.14450956904821663,38.72999954223633,1,3 Days Ago
2020-07-06,PSEC,-0.018491020164349337,0.06364325328955125,4.760000228881836,1,3 Days Ago
2020-07-06,QCRH,-0.1445603627183374,0.06082277997603934,29.40999984741211,1,3 Days Ago
2020-07-06,RAIL,-0.011000878334895159,0.02791812733042314,1.3700000047683716,1,3 Days Ago
2020-07-06,REFR,-0.14041253811242616,0.06976395445974669,3.619999885559082,1,3 Days Ago
2020-07-06,RGLS,-0.002258038917626215,0.016197917196258387,0.8299999833106995,1,3 Days Ago
2020-07-06,RICK,-0.14049220376418425,0.16883007519338727,13.6899995803833,1,3 Days Ago
2020-07-06,RNWK,-0.0023569212570655473,0.01938139936361799,1.340000033378601,1,3 Days Ago
2020-07-06,ROLL,-0.3834678593472347,0.6192342715334407,133.19000244140625,1,3 Days Ago
2020-07-06,RP,-0.03914680606254706,0.27356796049784743,65.11000061035156,1,3 Days Ago
2020-07-06,RPRX,-0.4201525229284755,-0.08038476349409779,46.11000061035156,1,3 Days Ago
2020-07-06,SFBS,-0.10044858988720051,0.1533332246320858,33.9900016784668,1,3 Days Ago
2020-07-06,SGRP,-0.0007191336788157088,0.007036661673809952,0.7799999713897705,1,3 Days Ago
2020-07-06,SHIP,-0.03735236055630198,0.143884331849171,2.119999885559082,1,3 Days Ago
2020-07-06,SHOO,-0.030625963633738706,0.008316913234382798,23.850000381469727,1,3 Days Ago
2020-07-06,SIGI,-0.031381984087822445,0.0646867808295256,51.93000030517578,1,3 Days Ago
2020-07-06,SMED,-0.07000127113921462,0.04472875367041946,6.590000152587891,1,3 Days Ago
2020-07-06,SMRT,-0.01210726103766474,0.002912907803556012,0.33000001311302185,1,3 Days Ago
2020-07-06,STLD,-0.0847239408213305,0.15562986230031087,25.950000762939453,1,3 Days Ago
2020-07-06,SUNS,-0.07861660888478106,0.038963596317645906,12.529999732971191,1,3 Days Ago
2020-07-06,TATT,-0.030126408129708793,0.010426041581390138,3.4000000953674316,1,3 Days Ago
2020-07-06,TCBI,-0.19279434908302662,0.401714720643522,29.459999084472656,1,3 Days Ago
2020-07-06,THST,-0.001080838788990457,0.0013944161171681,0.75,1,3 Days Ago
2020-07-06,TLOG,-0.0002837699813267973,0.00041578489693220075,0.019999999552965164,1,3 Days Ago
2020-07-06,TSC,-0.03990349768156953,0.1419987880570893,14.5,1,3 Days Ago
2020-07-06,TXRH,-0.08872874088702787,0.33028657862796923,51.689998626708984,1,3 Days Ago
2020-07-06,VBFC,-0.06698995055244339,0.36119705651073303,29.360000610351562,1,3 Days Ago
2020-07-06,VBLT,-0.004534168373997671,-0.000912816045300107,1.2599999904632568,1,3 Days Ago
2020-07-06,VGSH,-0.005567436629704048,-0.006108976691754028,62.13999938964844,1,3 Days Ago
2020-07-06,VNOM,-0.1065071434893472,0.09788133624533085,10.34000015258789,1,3 Days Ago
2020-07-06,VTNR,-0.01098380739598881,0.005703254804662902,0.6470000147819519,1,3 Days Ago
2020-07-06,WHLRP,-0.018576647797599932,-0.008270409798097905,7.195000171661377,1,3 Days Ago
2020-07-06,WLFC,-0.03824935740264479,0.5136438301335615,21.700000762939453,1,3 Days Ago
2020-07-06,WRLD,-0.1222603566243805,0.5006123415624192,67.76000213623047,1,3 Days Ago
2020-07-06,WTFC,-0.13522736287320924,0.5080258394531891,42.72999954223633,1,3 Days Ago
2020-07-06,XOMA,-0.3215426082399091,-0.017835890667174042,20.15999984741211,1,3 Days Ago
2020-07-06,ZION,-0.20543449040984285,0.30525256824102726,32.900001525878906,1,3 Days Ago
2020-07-06,ZN,-0.0023440362346137666,0.0057805977347227715,0.27000001072883606,1,3 Days Ago
2020-07-06,AAIT,-8.124771806927722e-05,0.0009145177377161626,0.0689999982714653,1,4 Days Ago
2020-07-06,AAL,-0.18776152622804076,0.2790380155590531,12.800000190734863,1,4 Days Ago
2020-07-06,ABCO,-0.0008127013097394276,0.0034202747523599105,0.7099999785423279,1,4 Days Ago
2020-07-06,ABIO,-0.0036310344933871974,0.18066979851449333,6.429999828338623,1,4 Days Ago
2020-07-06,ACUR,-0.0003747905153270725,0.001318714357581956,0.2800000011920929,1,4 Days Ago
2020-07-06,ADMA,-0.0076564764509687855,0.009795544909351181,2.819999933242798,1,4 Days Ago
2020-07-06,AERI,-0.17770739804162616,-0.05283089437268175,13.949999809265137,1,4 Days Ago
2020-07-06,ALDX,-0.030048687099383464,0.05596406580199775,4.0,1,4 Days Ago
2020-07-06,ARAY,-0.007224043618669462,0.016388471565906684,2.180000066757202,1,4 Days Ago
2020-07-06,ATRO,-0.03357635879084597,0.0801590017497247,10.369999885559082,1,4 Days Ago
2020-07-06,AXAS,-0.004905138462835357,0.005893233208926264,0.2199999988079071,1,4 Days Ago
2020-07-06,BBGI,-0.03289757942082794,0.057761267928395386,2.180000066757202,1,4 Days Ago
2020-07-06,BDGE,-0.07789209432014133,0.20438715385537662,20.040000915527344,1,4 Days Ago
2020-07-06,BIOL,-0.014344580574957744,0.0016842197715391891,0.38999998569488525,1,4 Days Ago
2020-07-06,BLUE,-0.713969111559976,0.15531676033730432,58.08000183105469,1,4 Days Ago
2020-07-06,BOKF,-0.017142291219741423,0.9510690878334385,53.77000045776367,1,4 Days Ago
2020-07-06,BSPM,-0.0002520255904746166,0.0011515138456023905,0.07000000029802322,1,4 Days Ago
2020-07-06,CBAN,-0.06513659103870317,0.04008457835968859,11.34000015258789,1,4 Days Ago
2020-07-06,CBRL,-0.07961254124833772,1.3257606943599822,107.36000061035156,1,4 Days Ago
2020-07-06,CGIX,-0.07812682638405866,-0.012375064788598901,2.9800000190734863,1,4 Days Ago
2020-07-06,CHSCP,-0.09008025382446405,0.15683664808195824,28.209999084472656,1,4 Days Ago
2020-07-06,CMPR,-0.9515678037550828,0.08746010925088511,74.19999694824219,1,4 Days Ago
2020-07-06,CRWS,-0.00783159190701177,0.008922776868904825,4.840000152587891,1,4 Days Ago
2020-07-06,DRRX,-0.013112830767949113,0.018929497187905184,2.130000114440918,1,4 Days Ago
2020-07-06,DWSN,-0.0026637989733244716,0.017324774743112465,1.440000057220459,1,4 Days Ago
2020-07-06,DXJS,-0.1138901476049412,0.08841880027722379,36.81999969482422,1,4 Days Ago
2020-07-06,ECTE,-7.002302807020827e-05,0.0001417661611519222,0.007430000230669975,1,4 Days Ago
2020-07-06,EDAP,-0.014326329007530614,0.021746846879371128,2.4700000286102295,1,4 Days Ago
2020-07-06,EFSC,-0.09510319680382295,0.19185986190706983,29.68000030517578,1,4 Days Ago
2020-07-06,ENT,-0.05037016393832605,0.3060090380424787,4.03000020980835,1,4 Days Ago
2020-07-06,ERII,-0.18143491763143693,0.018831123788395927,7.389999866485596,1,4 Days Ago
2020-07-06,EWBC,-0.26720128988363,0.16578510955371525,35.15999984741211,1,4 Days Ago
2020-07-06,FALC,-0.09534956704521136,0.0391181968008409,3.799999952316284,1,4 Days Ago
2020-07-06,FDEF,-0.04520576163876555,0.1469873000898511,16.809999465942383,1,4 Days Ago
2020-07-06,FITB,-0.31469431174680196,0.08545689459055698,18.860000610351562,1,4 Days Ago
2020-07-06,FLEX,-0.020355428792530716,0.0749070027281403,10.199999809265137,1,4 Days Ago
2020-07-06,FONR,-0.3080008682570359,0.1882591174327532,21.149999618530273,1,4 Days Ago
2020-07-06,FSFG,-0.02249827955510142,0.4008089853538271,42.279998779296875,1,4 Days Ago
2020-07-06,FUNC,-0.2271248088167095,-0.05502087724074025,13.279999732971191,1,4 Days Ago
2020-07-06,FWP,-0.0323595423112657,0.001605465150148396,6.21999979019165,1,4 Days Ago
2020-07-06,GLMD,-0.031658903627880264,0.018809064272766723,4.809999942779541,1,4 Days Ago
2020-07-06,HBAN,-0.1582783837571693,0.054846953136433015,8.770000457763672,1,4 Days Ago
2020-07-06,HCAP,-0.021056858982078097,-0.004769820260634545,4.070000171661377,1,4 Days Ago
2020-07-06,HCCI,-0.038553394457466084,0.00968553039603432,17.0,1,4 Days Ago
2020-07-06,HFBL,-0.028853670121687713,0.07229406889068252,24.809999465942383,1,4 Days Ago
2020-07-06,HMHC,-0.01844010831144649,0.03250045176188667,1.7100000381469727,1,4 Days Ago
2020-07-06,HNNA,-0.0008026677518344627,0.036941432074031805,7.949999809265137,1,4 Days Ago
2020-07-06,HRTX,-0.5556699383230175,0.17382814559015683,14.970000267028809,1,4 Days Ago
2020-07-06,HYZD,-0.0101229807283012,0.037726983111314914,20.43000030517578,1,4 Days Ago
2020-07-06,IBCP,-0.0691019116814715,0.04277631452614957,13.859999656677246,1,4 Days Ago
2020-07-06,ICON,-0.027416618781008206,0.008854775242366044,0.8299999833106995,1,4 Days Ago
2020-07-06,IVAC,-0.013525532137707685,0.041102465082151436,5.340000152587891,1,4 Days Ago
2020-07-06,JBLU,-0.024045089633283112,0.14798977142967545,11.010000228881836,1,4 Days Ago
2020-07-06,LAMR,-0.23348343735975163,0.7627658962083106,65.5199966430664,1,4 Days Ago
2020-07-06,LARK,-0.08530833725363962,0.20097802926078007,24.0,1,4 Days Ago
2020-07-06,LLEX,-0.03395371143325143,-0.0033395256175627994,0.04366999864578247,1,4 Days Ago
2020-07-06,MBSD,-0.0009099766664810716,0.005623271608682568,24.15999984741211,1,4 Days Ago
2020-07-06,MITK,-0.011185950759067254,0.06168351053962372,9.319999694824219,1,4 Days Ago
2020-07-06,MLHR,-0.20178255471430973,0.1692540403211874,22.510000228881836,1,4 Days Ago
2020-07-06,MMYT,-0.028858706919404398,0.168855604269733,16.649999618530273,1,4 Days Ago
2020-07-06,NCLH,-0.2686726706863958,0.18624654361642715,16.1299991607666,1,4 Days Ago
2020-07-06,NTIC,-0.05823600550673369,0.08361876814544027,7.309999942779541,1,4 Days Ago
2020-07-06,NWLI,-0.5422051917534532,1.3503503355567616,194.83999633789062,1,4 Days Ago
2020-07-06,OCC,-0.019023578702036748,0.0091930140032624,2.509999990463257,1,4 Days Ago
2020-07-06,OMCL,-0.02751331959403558,0.1769080379241186,66.76000213623047,1,4 Days Ago
2020-07-06,PCOM,-0.038150040858717205,0.07827078787335404,9.210000038146973,1,4 Days Ago
2020-07-06,PEBK,-0.15179264849374974,0.010906198553984628,17.450000762939453,1,4 Days Ago
2020-07-06,PERI,-0.033989499312232496,0.024068784837643836,5.360000133514404,1,4 Days Ago
2020-07-06,PFIN,-0.013224901073115802,0.030520638825624627,4.900000095367432,1,4 Days Ago
2020-07-06,PME,-0.0009424564885656128,0.014712202680674018,1.100000023841858,1,4 Days Ago
2020-07-06,PNFP,-0.21660448467542182,0.2785153127117606,40.25,1,4 Days Ago
2020-07-06,PNNT,-0.019206518306357445,0.022178463749861575,3.25,1,4 Days Ago
2020-07-06,PNRG,-1.3533638460008746,0.18497689291473154,75.23999786376953,1,4 Days Ago
2020-07-06,PSEC,-0.018491020164349337,0.06364325328955125,4.760000228881836,1,4 Days Ago
2020-07-06,QRHC,-0.01419986193937861,0.002162303019541225,1.340000033378601,1,4 Days Ago
2020-07-06,RAIL,-0.011000878334895159,0.02791812733042314,1.3700000047683716,1,4 Days Ago
2020-07-06,RDHL,-0.022100113238079366,-0.01319337540274453,6.920000076293945,1,4 Days Ago
2020-07-06,REFR,-0.14041253811242616,0.06976395445974669,3.619999885559082,1,4 Days Ago
2020-07-06,RGLS,-0.002258038917626215,0.016197917196258387,0.8299999833106995,1,4 Days Ago
2020-07-06,RICK,-0.14049220376418425,0.16883007519338727,13.6899995803833,1,4 Days Ago
2020-07-06,RNWK,-0.0023569212570655473,0.01938139936361799,1.340000033378601,1,4 Days Ago
2020-07-06,ROLL,-0.3834678593472347,0.6192342715334407,133.19000244140625,1,4 Days Ago
2020-07-06,RP,-0.03914680606254706,0.27356796049784743,65.11000061035156,1,4 Days Ago
2020-07-06,RPRX,-0.4201525229284755,-0.08038476349409779,46.11000061035156,1,4 Days Ago
2020-07-06,RYAAY,-0.37152154976979546,0.39252275631754346,68.55999755859375,1,4 Days Ago
2020-07-06,SCTY,-0.05371336863223375,-0.030104078827705653,3.5399999618530273,1,4 Days Ago
2020-07-06,SFBS,-0.10044858988720051,0.1533332246320858,33.9900016784668,1,4 Days Ago
2020-07-06,SGRP,-0.0007191336788157088,0.007036661673809952,0.7799999713897705,1,4 Days Ago
2020-07-06,SHIP,-0.03735236055630198,0.143884331849171,2.119999885559082,1,4 Days Ago
2020-07-06,SMED,-0.07000127113921462,0.04472875367041946,6.590000152587891,1,4 Days Ago
2020-07-06,SMRT,-0.01210726103766474,0.002912907803556012,0.33000001311302185,1,4 Days Ago
2020-07-06,SOHO,-0.0683551031813594,0.04134213647991718,2.4600000381469727,1,4 Days Ago
2020-07-06,SQBG,-0.004495975004836061,0.0028789823221777966,0.20999999344348907,1,4 Days Ago
2020-07-06,STLD,-0.0847239408213305,0.15562986230031087,25.950000762939453,1,4 Days Ago
2020-07-06,STPP,-0.0295712583771639,0.022643813681800778,25.5,1,4 Days Ago
2020-07-06,SUNS,-0.07861660888478106,0.038963596317645906,12.529999732971191,1,4 Days Ago
2020-07-06,TATT,-0.030126408129708793,0.010426041581390138,3.4000000953674316,1,4 Days Ago
2020-07-06,TCBI,-0.19279434908302662,0.401714720643522,29.459999084472656,1,4 Days Ago
2020-07-06,THST,-0.001080838788990457,0.0013944161171681,0.75,1,4 Days Ago
2020-07-06,TLOG,-0.0002837699813267973,0.00041578489693220075,0.019999999552965164,1,4 Days Ago
2020-07-06,TSC,-0.03990349768156953,0.1419987880570893,14.5,1,4 Days Ago
2020-07-06,TXRH,-0.08872874088702787,0.33028657862796923,51.689998626708984,1,4 Days Ago
2020-07-06,TZOO,-0.12216295891900852,0.03396002434360044,5.800000190734863,1,4 Days Ago
2020-07-06,USEG,-0.21060379033698418,-0.018048126509065555,5.090000152587891,1,4 Days Ago
2020-07-06,UTMD,-1.5821081869987097,-0.012008361958844003,88.22000122070312,1,4 Days Ago
2020-07-06,VBFC,-0.06698995055244339,0.36119705651073303,29.360000610351562,1,4 Days Ago
2020-07-06,VBLT,-0.004534168373997671,-0.000912816045300107,1.2599999904632568,1,4 Days Ago
2020-07-06,VNOM,-0.1065071434893472,0.09788133624533085,10.34000015258789,1,4 Days Ago
2020-07-06,VTNR,-0.01098380739598881,0.005703254804662902,0.6470000147819519,1,4 Days Ago
2020-07-06,WHLM,-0.03749923209922823,-0.020919350401782798,4.050000190734863,1,4 Days Ago
2020-07-06,WHLRP,-0.018576647797599932,-0.008270409798097905,7.195000171661377,1,4 Days Ago
2020-07-06,WLFC,-0.03824935740264479,0.5136438301335615,21.700000762939453,1,4 Days Ago
2020-07-06,WRLD,-0.1222603566243805,0.5006123415624192,67.76000213623047,1,4 Days Ago
2020-07-06,WTFC,-0.13522736287320924,0.5080258394531891,42.72999954223633,1,4 Days Ago
2020-07-06,XOMA,-0.3215426082399091,-0.017835890667174042,20.15999984741211,1,4 Days Ago
2020-07-06,ZION,-0.20543449040984285,0.30525256824102726,32.900001525878906,1,4 Days Ago
2020-07-06,ZN,-0.0023440362346137666,0.0057805977347227715,0.27000001072883606,1,4 Days Ago
